Origin,Acc_exponential,Acc_cumulative
110601001,264110.48206746357,546771
110601002,261098.9157011241,546771
110601003,250224.07528158466,544137
110601004,254520.80364177754,545333
110601005,253874.46261702862,545333
110601006,260806.58567169105,546771
110601007,259149.42693909345,545333
110601008,245888.85960262295,537234
110601009,248761.3430118153,539188
110601010,257186.59784792832,545333
110601011,252297.01477328665,541526
110601012,249457.87132998233,537730
110601013,255023.56075061136,540859
110601014,248143.48266632273,538955
110601015,250510.5389807707,539591
110601016,247230.10808127082,535579
110601017,252802.3523950475,538955
110601018,246599.66930659825,536351
110601019,245131.64532380213,533489
110601020,242310.69508584606,531301
110601021,243094.9803122489,530922
110601022,245625.49605522532,532352
110601023,245031.348650482,531301
110601024,257001.68047457858,543667
110601025,243263.04874563692,530922
110601026,246772.9045511569,534739
110601027,247591.96466047724,533477
110601028,243797.78849531134,530922
110601029,244479.69622241906,532352
110601030,248414.44437124094,535579
110602001,265195.4930886522,546771
110602002,293718.00755291485,547733
110602003,281597.75670422433,547733
110602004,276167.1152480709,547733
110602005,279831.13828463125,547733
110602006,262207.8029168508,545333
110602007,279094.24759116344,547733
110602008,276713.8210274094,547733
110602009,284190.5383291773,547733
110602010,271397.23630502465,547733
110602011,265801.2903117127,546771
110602012,262132.21534250354,545333
110602013,276304.85999869765,547733
110602014,261981.4860481795,545333
110602015,251293.10131705532,543667
110602016,262387.8644931357,545333
110602017,260005.12115766227,545333
110602018,259199.2104162724,545333
110602019,254590.41371374097,543667
110602020,254325.86458972772,543667
110602021,262298.242231087,545333
110602022,260666.0758340403,545333
110602023,252589.59924162182,538955
110602024,260764.1384894206,545333
110602025,245184.99501573405,537531
110602026,248613.314666574,536912
110602027,248013.90908085337,537531
110603001,292676.4993835289,547002
110603002,306225.6621446143,547002
110603003,292901.68947961717,547002
110603004,290054.8702108091,546461
110603005,300622.73626943666,547002
110603006,291988.31171670137,546461
110603007,305081.90079483495,547002
110603008,295945.64483069966,547002
110603009,294771.1852852859,546461
110603010,299383.1590757054,547002
110603011,291681.81387457723,546461
110603012,296641.478039399,547002
110603013,303446.6873085426,547002
110603014,293596.63367630326,546461
110603015,292146.41029314906,546461
110603016,294984.9508675758,546461
110603017,295026.93288240035,546461
110603018,297087.52305241453,547002
110603019,295929.3155880678,546461
110604001,304018.73979724327,547002
110604002,301336.45086838043,547002
110604003,307613.8163744231,547002
110604004,299039.7001055915,547002
110604005,306342.63961771753,547002
110604006,304344.0843493023,547002
110604007,303420.0270194284,547002
110604008,306618.9770038553,547002
110604009,311100.6715930337,547002
110604010,302436.4807016153,547002
110604011,305497.3964080657,547002
110604012,316610.3577469862,547733
110604013,312655.0727140712,547733
110604014,305644.5511895977,547002
110604015,299421.35999955295,547002
110604016,308681.5049297819,547002
110604017,302175.4183396817,547002
110605001,256870.6734644981,542208
110605002,258066.2573368537,543043
110605003,256327.1939194216,542208
110605004,250357.43303447778,534119
110605005,257401.49559481695,541384
110605006,245053.97727977624,523415
110605007,251703.49832992363,535126
110605008,250452.84724611542,532073
110605009,262623.40521407843,545796
110605010,251197.392435744,531224
110605011,271624.3254620833,547002
110605012,248854.07180799954,527825
110605013,241806.4713140631,519299
110605014,251486.94032357188,537367
110605015,262782.97826457996,543659
110605016,262656.01292500464,543963
110605017,271429.15276205825,546647
110605018,267198.84212579264,545145
110605019,261135.8773043014,543659
110605020,260497.29370189414,542991
110605021,263708.3817542806,544747
110605022,270077.63183601486,545818
110606001,286747.60076987295,547002
110606002,285617.8979455792,547002
110606003,297849.7042277164,547002
110606004,281353.6790889145,547002
110606005,284703.69552616717,547002
110606006,282091.62357003504,547002
110606007,287381.89985423425,547002
110606008,287368.3218963189,547002
110606009,283176.26569040486,547002
110606010,279261.2467537742,547002
110606011,286744.06905329897,547002
110606012,283121.5049529845,547002
110606013,284213.390439984,547002
110606014,269773.76173636044,546461
110606015,255519.74814715242,546461
110606016,283064.8012305933,547002
110606017,272261.6171723716,546461
110606018,270496.6754747563,546461
110606019,259928.3096472676,546461
110607001,287004.3021917641,546461
110607002,292468.38176905864,546461
110607003,295403.1035305332,546461
110607004,283041.03261899797,546461
110607005,299253.5438552768,547002
110607006,283833.33378421084,546461
110607007,291771.5818241888,546461
110607008,294338.96598092606,546461
110607009,297055.1653841733,547002
110607010,286439.0280822492,546461
110607011,288570.61302460363,546461
110607012,280265.06104394933,545659
110607013,288677.5590883271,546461
110607014,272262.9336122307,544938
110607015,289730.97549641633,546461
110607016,267039.1251908432,543719
110607017,276694.1473337442,545659
110607018,260832.096696705,542687
110607019,260242.08597479173,545140
110607020,272697.2092439364,545142
110607021,258315.74859520458,538433
110607022,270706.01465903176,544340
110607023,263515.1275599144,543016
110607024,268104.7939171943,544395
110608001,267335.3682808617,545575
110608002,268660.61643959413,545919
110608003,267800.4143514257,544471
110608004,270534.3187920553,545575
110608005,265213.8570330475,545575
110608006,278124.6060549057,547002
110608007,269048.35905420413,545575
110608008,270099.061744858,545919
110608009,266300.43393483607,545575
110608010,275566.3151092705,546651
110608011,262361.4286239599,543773
110608012,279503.8852431319,547002
110608013,267868.52287524205,544788
110608014,265258.54747250833,545154
110608015,256673.37230847112,538520
110608016,270926.65194991586,546274
110608017,265602.0662505976,543773
110608018,287576.9035492736,547002
110608019,274856.10336909164,546651
110608020,264656.30676287046,543773
110608021,261501.013121114,542811
110608022,268573.1978608644,545919
110608023,264536.89563603146,543441
110608024,272633.64818244905,546274
110608025,258077.8466862688,541321
110608026,252975.47534379325,535516
110608027,256701.05204987546,543441
110608028,278002.6380372528,547002
110608029,261588.8215725891,543112
110608030,269265.05565877404,545575
110608031,258454.46700612947,540111
110608032,262307.13042135007,542811
110608033,273181.71685213957,546651
110608034,274013.6530755269,547326
110608035,265717.71478154394,544825
110608036,269039.09104991547,545575
110608037,272770.05873244005,545575
110608038,259097.11872256783,543078
110608039,259579.33842116978,543833
110608040,281408.5676220862,547326
110608041,267594.8880726118,545575
110608042,272756.39217960916,546651
110608043,276334.243056716,546949
110608044,272231.8400739886,546274
110608045,262547.8219279622,544459
110608046,275671.66918214754,546949
110608047,274663.88009700074,546274
110608048,274916.34883633605,547677
110608049,261712.22046656974,544142
110608050,286093.1981211478,547733
110608051,288224.9109424964,547733
110608052,282185.66945026245,547733
110608053,282647.97083787806,547733
110608054,268705.77109428914,545575
110608055,276078.32091415406,547005
110608056,291961.7014784497,547733
110608057,279902.5959104137,547733
110608058,289330.10842512536,547733
110608059,253661.33711426993,535454
110608060,281060.3176577218,547733
110608061,270783.5988578089,547050
110608062,276375.83471856645,547733
110608063,275133.3033400472,547733
110608064,272459.4535566313,547733
110608065,269886.9101272701,547733
110608066,256864.13298126313,546771
110609001,299545.2226756918,547002
110609002,289136.47323658713,547733
110609003,302394.4470720047,547002
110609004,301615.8725502366,547733
110609005,310410.08321572165,547002
110609006,302144.8226844572,547733
110609007,299124.3111272238,547002
110609008,296245.9307817955,547002
110609009,307521.63502031827,547002
110609010,313807.66380595916,547733
110609011,306915.04040435574,547002
110609012,285524.1077464903,547002
110609013,309766.28609005106,547002
110609014,301128.3188098928,547002
110609015,309283.6131261441,547002
110609016,304683.50948900747,547002
110609017,310771.2166226639,547733
110609018,309578.62890265137,547002
110609019,300279.1829011881,547002
110610001,303847.75789495575,547733
110610002,313722.56567927805,547733
110610003,312970.60773001146,547733
110610004,318388.6330738263,547733
110610005,296532.70354665845,547733
110610006,308006.4546717361,547733
110610007,296964.64661263925,547733
110610008,290885.1991462045,547733
110610009,298679.6291543315,547733
110610010,289932.18162380817,547733
110610011,298507.81831466645,547733
110610012,304384.6731127938,547733
110610013,303272.94855242124,547733
110610014,300010.8594182161,547733
110610015,294163.22079272725,547733
110610016,294504.3342329604,547733
110610017,304305.96040502,547733
110610018,297677.1928406175,547733
110610019,305667.57942733495,547733
110610020,298320.06977736444,547733
110610021,289838.1643795138,547733
110610022,293402.6243539489,547733
110610023,292154.039679375,547733
110610024,306621.2697249285,547733
110610025,295576.5103120843,547733
110610026,291655.4959841532,547733
110610027,299786.72195953835,547733
110610028,297957.71772108995,547733
110610029,301725.5653385834,547733
110610030,292135.2090021015,547733
110610031,295800.2500865575,547733
110610032,292616.0635141376,547733
110611001,252488.8299430538,537648
110611002,258738.02501124053,539840
110611003,261541.89251275742,543198
110611004,254371.99078887593,537648
110611005,263878.5870724914,543909
110611006,257982.23173109282,538677
110611007,269974.8336532389,545930
110611008,273754.4469108586,546296
110611009,257582.86119910883,538677
110611010,279290.0868451436,546651
110611011,248208.18788988964,533685
110611012,268972.1282363543,545575
110611013,276236.6561508366,546296
110611014,276333.6346043013,546296
110611015,259191.02351465356,543862
110611016,286229.6820754677,547002
110611017,280046.42039358354,546651
110611018,295446.6929745664,547733
110611019,277558.5304760296,546651
110611020,284423.79473725567,547002
110611021,278610.54977900174,546651
110611022,279806.5658231988,546651
110611023,285149.5566433101,547002
110611024,273977.14197360695,546296
110611025,287396.8201624334,547002
110611026,289902.70088087453,547002
110611027,279421.05644490407,546651
110611028,283672.2780331945,546651
110611029,265197.4913204582,545575
110611030,288380.34709768306,547002
110611031,282062.772222371,547002
110611032,284311.9265150514,547002
110611033,282800.7805701761,546647
110611034,291965.9913799127,547677
110611035,274934.54342507746,546296
110612001,236333.09193273462,538890
110613001,239836.77785303624,512331
110613002,255282.12016597606,543043
110613003,257344.78665043507,543043
110613004,249143.3722981884,529994
110613005,268185.12017962395,546194
110613006,264829.824611995,546194
110613007,266006.8314585368,546194
110613008,261697.56291027216,544638
110613009,261527.60753068255,543879
110613010,266572.32904133404,546194
110613011,259681.1554128651,542789
110613012,261936.0040457883,544592
110613013,268771.87118472543,546194
110613014,274667.52665260906,546647
110614001,305856.6113631084,547733
110614002,306134.9585751364,547733
110614003,299604.04015960457,547733
110614004,305140.38471148675,547733
110614005,302474.5292975845,547733
110614006,296045.94660331093,547733
110614007,290658.5501757717,547733
110614008,311719.1023070875,547733
110614009,289887.6209132258,547733
110614010,294311.60526240733,547733
110614011,292951.7501588409,547733
110614012,278534.0792635443,547677
110614013,302530.9398812801,547733
110615001,280699.38729942596,547733
110615002,273403.43500305305,547002
110615003,262174.2373867072,546040
110615004,261376.89506636714,547002
110615005,253232.45899411794,544602
110615006,269884.0103486214,547002
110615007,265694.61575771327,547002
110616001,271971.70614607615,546461
110616002,259529.88917836192,546461
110616003,260725.6452371134,546461
110616004,272444.94132615894,546461
110616005,253581.6755445836,546461
110616006,266601.8651134848,546461
110616007,251098.81558086385,546461
110616008,267663.77795664844,546461
110616009,263562.8762662296,546461
110616010,259398.13419199784,546461
110616011,260808.43119313268,546461
110616012,267255.6972291565,547002
110617001,280210.1437370134,546771
110617002,269727.4445791969,546771
110617003,261464.57690016236,543667
110617004,275718.47830370866,546771
110617005,271800.9259579762,546771
110617006,272212.1613545279,546771
110617007,277968.73297485703,546771
110617008,263743.4596498758,545277
110617009,276186.05569742393,546771
110617010,258192.54806243666,542988
110617011,264650.85051453824,543667
110617012,254161.59903149027,542936
110617013,266488.95251727384,545333
110617014,259618.9504497663,543100
110617015,263533.4214273437,543667
110617016,260317.55742835312,545333
110618001,268784.29311571724,545467
110618002,251392.08724880562,535838
110618003,259283.72859142968,542278
110618004,269694.4911304567,545145
110618005,276888.5053335541,546647
110618006,272232.0058611766,545467
110618007,260658.61826095698,542693
110618008,279822.39771378884,546647
110618009,273602.06223527004,546647
110618010,274637.65958021226,546647
110618011,269958.19784693944,546647
110618012,279359.91719719017,547002
110618013,281910.9108366143,546647
110618014,267719.25077040255,546647
110618015,275474.27939145686,547002
110618016,283270.3151975614,547002
110618017,273585.6885456444,547002
110618018,251967.5483489937,537648
110618019,261575.11443610548,545553
110618020,279406.07921923074,547002
110618021,274863.8693279418,546296
110618022,272779.07882545074,545467
110618023,286873.89268977515,547002
110618024,278544.8173444699,546647
110618025,272140.92233125056,545818
110618026,281324.1120429446,546647
110618027,276218.958674526,547002
110618028,282476.4165321906,547002
110618029,271539.8144001206,547002
110618030,283038.41839200724,547002
110618031,293330.8430387009,547002
110618032,277206.79654014646,546296
110618033,282449.6225497018,546647
110618034,272519.2714231471,545818
110618035,281183.546529413,546647
110618036,302915.52048040426,547002
110618037,276365.46220197534,546647
110618038,291682.5658660879,547002
110618039,276912.3645371815,546647
110618040,273790.80811339366,545818
110618041,294796.3927059192,547002
110618042,292371.4903891684,547002
110618043,276794.42933971534,546647
110618044,284186.58780242235,547002
110618045,283337.7788917054,546647
110618046,290355.2954657104,547002
110618047,289145.4331674755,547002
110618048,264492.47101522866,545818
110618049,283255.9195802075,546647
110618050,292519.24938030017,547002
110618051,287736.12798681343,547002
110618052,289777.1387826651,547002
110618053,290963.71053917485,547002
110618054,292664.7909463796,547002
110618055,285300.2220159581,547002
110618056,289142.24678803456,547002
110618057,292562.06998461136,547002
110618058,283535.1109289014,546647
110618059,288101.0788515896,546647
110618060,292890.8007274787,547002
110618061,306798.51861851156,547677
110618062,288899.4849640933,547002
110618063,291720.6462758302,547002
110618064,281909.92512505327,546651
110618065,290977.526027557,547002
110618066,292040.37163091346,547002
110618067,291121.06986250303,547002
110618068,300768.5091579689,547002
110618069,288125.64045634697,547002
110618070,302877.0914190535,547002
110618071,298645.0792687207,547002
110618072,285521.2552625302,547002
110618073,299713.122433447,547733
110618074,287027.8809126923,547002
110619001,268086.23100208165,547002
110619002,273959.91324352793,547002
110620001,252288.43362244812,547002
110621001,296770.7273885984,547002
110621002,294610.57992491586,547002
110621003,290882.3551103485,547002
110621004,291359.03317266784,547002
110621005,292661.58678112004,547002
110621006,280645.11620334466,546086
110621007,279554.71756836603,546086
110621008,299685.9416027556,547002
110621009,287018.4534992838,546627
110621010,269332.7452550379,543900
110621011,290328.30877039174,547002
110621012,257941.52638625324,531547
110621013,294976.12149963266,547002
110621014,285460.94699738466,546627
110621015,293616.1645673542,547002
110621016,298271.03124742326,547002
110621017,279184.39362653834,545687
110621018,289061.9809001547,546461
110621019,272838.73906824377,545639
110621020,291889.2792773149,546461
110621021,277567.4861605389,545687
110621022,288712.5274056551,547002
110621023,289456.76721950574,547002
110621024,292842.889558161,546461
110621025,293584.645361182,546461
110621026,272456.43420061807,544299
110621027,289622.91746911395,546461
110621028,273784.8549564094,544299
110621029,299406.61815218115,547002
110621030,283995.0249821581,546461
110621031,274283.9910797057,544299
110621032,300380.4004144846,547002
110621033,268640.4409055645,543900
110621034,293503.45062031015,546461
110621035,278306.9220216335,546461
110621036,291926.49366633873,546461
110621037,290583.26262811443,546461
110621038,286837.3876183122,546461
110621039,277935.3711855434,545639
110621040,300273.8448195821,546461
110621041,286657.014357185,546461
110621042,266790.2573225298,543403
110621043,294081.8598633875,547002
110621044,291990.94979770895,546461
110621045,279536.0521336996,545639
110621046,274141.10143975227,544299
110621047,273370.4620408435,544299
110621048,280215.12072653463,545639
110621049,272592.74190516735,544299
110621050,262352.2059752275,540375
110621051,282508.2820962754,545639
110621052,283137.4701065151,545639
110621053,280077.429338819,545639
110621054,262448.93512743374,542067
110621055,279510.03596542374,546014
110622001,279500.9592376815,547733
110622002,273308.182262045,547677
110622003,276580.44076448434,547733
110622004,275757.3254437971,547733
110622005,268359.98802509235,546040
110622006,273090.24963231717,547677
110622007,269321.22081956366,546040
110622008,259158.294620498,546040
110622009,266568.47420237615,546040
110622010,260324.90629019836,544602
110623001,314634.20492649,547733
110623002,314543.34922549484,547733
110623003,313695.12201384344,547733
110623004,308715.80652182613,547733
110623005,314674.7723092327,547733
110623006,302113.0687682648,547733
110623007,304533.59752018226,547733
110623008,302759.60722507816,547733
110623009,304227.99658673385,547733
110623010,307669.247479907,547002
110623011,301193.64099521074,547733
110623012,300025.5293049056,547733
110623013,311220.3221971634,547733
110623014,307662.723277438,547733
110623015,321004.2930629028,547733
110623016,300380.7351941101,547733
110623017,302567.05289634154,547733
110623018,319819.6729366457,547733
110623019,310062.87979942973,547733
110623020,313972.2967300783,547677
110623021,317124.1336430834,547733
110623022,309817.8984494414,547733
110623023,312845.29794335883,547733
110623024,309017.8253448576,547733
110623025,309871.98937593226,547002
110623026,306987.28334041475,547002
110623027,302964.1118219542,547733
110623028,311602.05615037767,547733
110623029,307307.73180785927,547733
110623030,318214.15916011634,547677
110623031,312617.62999740965,547733
110623032,316598.37793176004,547733
110623033,311746.7266789633,547677
110623034,310357.44263114803,547733
110623035,313607.19891513744,547733
110623036,310624.34738319,547733
110624001,290327.65782444563,547002
110624002,287604.5988717457,547002
110624003,286199.50548179913,547002
110624004,282214.66883496725,547002
110624005,289776.10034913046,547002
110624006,280000.61031711043,547002
110624007,277651.78364286665,547002
110624008,261953.81024607018,547002
110624009,249376.49335271385,545499
110624010,246989.33499619775,545499
110624011,250131.73800603917,546461
110625001,288207.51095526083,546461
110625002,287893.1466561012,546461
110625003,292767.27424075606,546461
110625004,289434.5536012417,547002
110625005,297350.18982205086,546461
110625006,288772.0677288343,546461
110625007,290704.70128105616,547002
110625008,296905.7292253111,546461
110625009,284113.36503257585,546461
110625010,284805.04521273205,546461
110625011,286626.7245792754,546461
110625012,286912.8570864094,547002
110625013,290089.0785337295,547002
110625014,292465.87940224505,546461
110625015,288717.61959502124,546461
110625016,268509.31512057444,546461
110625017,289675.9804694605,546461
110625018,285159.4782425224,546461
110625019,278305.6378250435,546461
110625020,285009.48681580985,547002
110625021,290432.6052082039,547002
110625022,279032.9635496071,546461
110625023,280875.4786911718,546461
110625024,284041.1548084369,547002
110625025,266934.36671830725,546461
110625026,282050.96497700876,547002
110626001,274343.420066626,547733
110626002,278011.42787618836,547733
110626003,265153.9773348529,546771
110626004,283762.7657549004,547733
110626005,278610.06023368984,547733
110626006,258218.87957461365,543667
110626007,273177.9559433905,546771
110626008,262854.4884451895,545333
110626009,247133.7265087609,536593
110626010,267072.4337105918,546771
110626011,256412.67871998908,543667
110626012,273670.70441991504,547733
110626013,258773.1414889323,545333
110626014,275269.68391622393,547733
110626015,263655.65399789653,545333
110626016,254907.7722598835,541805
110626017,265824.22108572215,545333
110627001,267154.06718787894,546040
110627002,267405.0380515689,546040
110628001,277199.2715954965,547733
110628002,262110.392086476,546040
110628003,255823.56409647202,546040
110628004,256565.02667446304,546040
110628005,262483.62800406315,546040
110628006,259761.0367681911,546715
110628007,257880.59883753728,544602
110628008,257526.08373065185,544602
110628009,253312.03483744682,546040
110629001,272584.02708108054,546461
110629002,271834.13224123046,546461
110629003,265425.4678545122,546461
110629004,269146.7389841155,546461
110629005,271783.69849346863,546461
110629006,268112.00599983695,547002
110629007,264613.68009757594,546461
110629008,263120.4444875274,546461
110629009,266441.08250725816,546461
110629010,268965.92132566025,546461
110629011,266559.1552549238,546461
110629012,264723.8124959417,546461
110630001,298109.3464726228,547733
110630002,293257.62458739977,547733
110630003,280841.8432083894,547733
110630004,298829.0034185359,547733
110630005,289078.90726660227,547733
110630006,286796.2126096816,547733
110630007,270769.44515495305,546771
110630008,280917.2384593636,547733
110630009,274405.8859642609,546771
110630010,278584.30664701917,547733
110630011,274732.1214287303,546771
110630012,274094.5292147947,546771
110630013,279532.9047042848,547733
110630014,288911.3952554662,547733
110630015,284139.83583632327,547733
110631001,257246.9296280471,547002
110631002,277896.46598901367,547002
110631003,287479.7856136127,547733
110632001,219454.5502823703,476362
110632002,239905.63726325775,529809
110632003,244406.16803781255,533113
110632004,228209.4987592583,510035
110632005,237428.7673247847,527511
110632006,242328.3408156922,539502
110632007,241941.0897975977,530414
110632008,244858.44041976795,532352
110632009,245925.24031766926,534739
110632010,240697.40554138477,532352
110632011,241287.4531073617,532438
110632012,242171.57731544864,541869
110632013,238932.51616894465,531301
110632014,251210.97444522163,540413
110632015,249163.35743521148,544602
110632016,251627.04659713327,537531
110632017,246043.26659112962,542447
110633001,261187.38923470824,541201
110633002,259295.0823486126,533430
110633003,266316.4369963463,546298
110633004,255627.67869701431,516564
110633005,255130.08241765393,518781
110633006,232747.52626427327,454235
110633007,264419.81615588715,537533
110633008,253540.884156171,515474
110633009,244558.78487179335,480221
110633010,265152.38514711516,540454
110633011,255554.61796983232,516966
110633012,264500.6852105557,537729
110633013,280567.77746674395,547002
110633014,270309.8537677545,546298
110633015,237273.29672648123,460581
110633016,233683.60634137708,456271
110633017,253336.00258313815,510995
110633018,257805.95258045592,520468
110633019,255101.2937042761,515919
110633020,259030.2895454934,524529
110633021,260162.04328183114,529314
110633022,271984.13187615894,546627
110633023,248692.07344060793,496551
110633024,247516.5922108176,493496
110633025,248251.21134310204,490137
110633026,263507.55434105045,534996
110633027,256192.02334147744,525560
110633028,250604.1026372932,502710
110633029,269949.9423073701,546298
110633030,244091.69245668306,487509
110633031,269770.3077468911,542491
110633032,261601.522787568,536299
110633033,254963.17964627335,516738
110633034,268680.386207307,540983
110633035,252191.17545271787,509008
110633036,261137.16042370547,532121
110633037,257396.60623535188,522633
110633038,251713.65333907693,509008
110633039,252689.26003056837,512047
110633040,260414.2075985624,531988
110633041,276671.9050591351,546627
110633042,261966.35989733002,531494
110633043,277585.29523660085,546627
110633044,273259.85250695137,544708
110633045,266932.7325814448,541473
110633046,278539.7398773612,546627
110633047,263373.4587819018,535794
110633048,261931.76364163507,535852
110633049,274895.8215267915,546627
110633050,269582.70403244713,542352
110633051,270136.18657875963,542774
110633052,279806.97251682007,546627
110633053,269916.39539929456,542352
110633054,276773.11271501303,546627
110633055,276095.87318764516,545195
110633056,282634.16944981273,546627
110633057,283396.16365932,546627
110633058,286396.6135944566,547002
110633059,290049.15081766085,547002
110633060,276517.5199466433,546627
110633061,293614.54404513695,547002
110633062,268356.9077047127,541999
110633063,282632.7716989894,546627
110633064,288964.51312324527,547002
110633065,275522.4443108889,546627
110633066,260998.19363476307,531952
110633067,268556.62779087096,541999
110633068,275428.04135313525,546627
110633069,277494.03693035414,546627
110633070,271002.3702967136,544708
110633071,274257.91762568755,545195
110633072,266873.92048517975,541090
110633073,268843.13729987835,542352
110633074,272425.05540982727,544708
110633075,257666.6619332118,528580
110633076,261667.13275220623,536826
110633077,268863.3171930212,542491
110633078,280477.7361147075,546086
110633079,268966.702860428,542904
110633080,263505.5130290175,540207
110633081,279357.5187765823,546086
110634001,260223.09436798544,547002
110634002,254445.57389538878,547002
110635001,290325.3947433747,547733
110635002,295080.45945883857,547733
110635003,297831.73351811967,547733
110635004,278498.5227424637,547733
110635005,289569.0233619905,547733
110635006,291772.34781469405,547733
110635007,288434.4913698705,547733
110635008,292639.26588224166,547733
110635009,294966.72405989235,547733
110635010,288774.7019857367,547733
110635011,284868.9372874347,547733
110635012,293769.7343706286,547733
110635013,286321.2633464515,547733
110635014,282321.8499119749,547733
110635015,281049.3602096098,547733
110635016,280548.1396114009,547733
110635017,287229.646536744,547733
110635018,289243.0394249007,547733
110635019,278304.7435662612,546771
110635020,272403.1608106311,546771
110635021,274607.5167099982,547733
110635022,276501.14397311816,547733
110635023,281820.55980969156,547733
110635024,283553.7195899713,547733
110635025,276127.25741249556,546771
110635026,278504.55226160074,547733
110635027,279340.56953806,547733
110635028,269105.74707150663,545333
110635029,273111.71032390866,546771
110635030,263445.22751572233,545333
110635031,281276.10022245836,547733
110635032,276716.38925446884,547733
110636001,252780.5531115392,545073
110636002,247005.93377800556,545008
110636003,266759.39979598304,547002
110636004,272335.0898758284,547002
110636005,268010.9459918139,547002
110637001,263284.3292288074,544602
110637002,259035.7261514915,544602
110637003,255050.8132037587,542936
110637004,254632.98530094823,544602
110637005,259510.67783090065,543611
110637006,261531.01126141683,546771
110637007,259767.15509995716,546771
110637008,266620.4511955833,546771
110638001,256220.09091591957,546461
110638002,256911.87480913816,547002
110638003,250020.49185890864,546461
110638004,262618.1470067955,547002
110639001,294404.56837999384,547733
110639002,285430.7980376359,547002
110639003,296141.30807356484,547733
110639004,296099.9780123302,547733
110639005,292294.8051758587,547733
110639006,298352.199651686,547733
110639007,300567.4235270187,547733
110639008,297898.11388062563,547733
110639009,288841.8104075241,547733
110639010,292798.3214386413,547733
110639011,269472.8667791542,546651
110639012,300040.89037302963,547733
110639013,295750.6203291686,547733
110639014,297687.2390120956,547733
110639015,310453.15496939386,547733
110639016,307756.3591643076,547733
110639017,286081.0181528033,547733
110639018,302018.4968400525,547733
110639019,304718.3704205225,547733
110639020,286557.3985609691,547733
110639021,292832.55374710466,547733
110639022,303518.02058292157,547733
110639023,301376.2506550129,547733
110639024,299025.4321039003,547733
110639025,281454.3666440255,547002
110639026,282977.0760576048,547733
110639027,293195.5889260575,547733
110639028,289707.0720063933,547733
110639029,292861.6739423565,547733
110639030,288438.01240288373,547733
110639031,303314.8632453496,547733
110639032,295571.7317175466,547733
110639033,291521.48359688505,547733
110639034,282282.7235817359,547733
110639035,282683.97950057616,547677
110639036,309107.5279951805,547733
110639037,285891.81772375834,547733
110639038,293639.5640880736,547733
110639039,291411.7602755507,547733
110639040,292712.88184538897,547733
110639041,304578.7514835911,547733
110639042,279956.2332618148,547677
110639043,309835.7439374513,547733
110639044,292885.66364551283,547733
110639045,294794.91780866456,547733
110639046,289924.4028913793,547733
110639047,292986.5908544813,547733
110639048,294791.8527039047,547733
110639049,294326.35534968704,547733
110639050,296446.87606375985,547733
110639051,293821.9780814038,547733
110639052,290909.75428628817,547733
110639053,297039.47282947024,547733
110639054,296490.8345322753,547733
110639055,298701.83862811606,547733
110639056,291037.42702746013,547733
110639057,302860.7388108687,547733
110639058,303215.53280752944,547733
110639059,299004.12426282483,547733
110639060,285429.9659016551,547733
110639061,298478.99040388677,547733
110639062,293523.56561379344,547733
110640001,236554.22828802007,527591
110640002,244242.13298927515,540591
110640003,263648.5015952761,547733
110640004,233926.95894185256,521716
110640005,256422.84856888952,546420
110640006,240016.3223640633,533750
110640007,248534.91329602408,542775
110640008,252241.9459444716,545333
110640009,237364.77063416055,527888
110640010,250246.02122503414,542967
110640011,236478.64671087186,528376
110640012,245108.31678721347,535892
110640013,245465.0952177483,537674
110641001,299426.32734531676,547002
110641002,292148.79637024313,546461
110641003,290426.54029070353,546461
110641004,292155.92564155057,546461
110641005,301498.2444454767,547002
110641006,291735.44867531245,546461
110641007,284579.84725848975,546461
110641008,290347.88168260135,546461
110641009,287881.5952014865,546461
110641010,290885.8275397798,546461
110641011,292707.85334358964,546461
110641012,294978.68773883,546461
110641013,288851.7491438464,546461
110641014,296950.25655382604,546461
110641015,275210.9962807894,546461
110641016,290979.05740366585,546461
110641017,283869.4947621995,546461
110641018,286786.07021834963,546461
110641019,286371.59200927254,546461
110641020,278536.0861958824,546461
110641021,280935.36798424413,546461
110641022,281001.02655461844,546461
110641023,269519.1810357242,546461
110641024,278445.6480396587,546461
110641025,276645.1444454662,546461
110641026,276103.5667724543,546461
110641027,278070.4106582908,546461
110641028,282141.933069452,546461
110641029,271495.1536361029,546461
110641030,276117.0798125267,546461
110642001,285830.2940754049,547002
110642002,284616.57106868667,547002
110642003,277618.402368091,547002
110642004,305286.53181881947,547002
110642005,287495.66758537554,547002
110642006,286579.1991143297,547002
110642007,296745.11594816076,547002
110642008,303297.5950413124,547002
110642009,297459.20156745386,547002
110642010,304356.2046600093,547002
110642011,293327.52752776735,547002
110642012,289556.928645159,547002
110642013,300393.7381934685,547002
110642014,304935.41818909463,547002
110642015,296805.4257673157,547002
110642016,299730.3911255512,547002
110642017,294155.21211294516,547002
110642018,295562.71099448367,547002
110642019,299225.44092384895,547002
110642020,311363.2641114045,547002
110642021,302769.2038794198,547002
110642022,306638.2122263248,547002
110643001,309742.6293484412,547002
110643002,301231.96209988085,547002
110643003,304819.22231111856,547002
110643004,310540.0263204785,547002
110643005,304380.24514403846,547002
110643006,303383.79838542,547002
110643007,312188.81155094726,547002
110643008,304501.8756889986,547002
110643009,309430.711115498,547002
110643010,309981.48832900816,547002
110643011,308833.50440711406,547677
110643012,309950.0052823395,547002
110643013,305106.3368325688,547002
110643014,296763.7132926111,547002
110643015,310209.7812247251,547002
110643016,304242.52177321195,547002
110643017,299299.76266495226,547002
110643018,290005.65962915163,546461
110643019,296284.06898625696,547002
110643020,304462.5448651626,547002
110644001,290046.92628543806,546461
110644002,299742.12788333354,547002
110644003,294270.8525135804,546461
110644004,303481.45434514503,547002
110644005,292673.95222570037,546461
110644006,294956.7966495064,546461
110644007,298219.3152151663,547002
110644008,306272.5556577503,547002
110644009,299133.8815944906,547002
110644010,287589.7491708011,547002
110644011,299521.0493413845,547002
110644012,296472.67646910355,547002
110644013,309162.64849919744,547733
110644014,304635.4450914244,547002
110644015,299249.78187183826,547002
110644016,301292.44798974256,547002
110644017,299512.47831292707,547002
110644018,292511.8636083419,547002
110644019,293066.5043841692,547002
110644020,300095.24997387856,547002
110644021,296024.56420515705,547002
110644022,297531.6714472607,547002
110644023,306160.8344085231,547733
110644024,298926.71964358806,547677
110644025,306540.81460387167,547002
110644026,294913.62712327513,547002
110644027,300437.6826964463,547002
110644028,298173.3772800223,547002
110644029,312233.4581725209,547733
110644030,298463.809287828,547002
110644031,293438.4365190021,547002
110644032,294665.38335884246,547002
110644033,305887.8079120627,547733
110644034,298921.15786893846,547002
110644035,295175.13508550695,547002
110644036,302522.2417845183,547733
110644037,295579.6039810414,547002
110644038,297930.17214058153,547002
110644039,298841.92191434395,547733
110645001,282210.8949171646,547002
110645002,286868.31643423095,547677
110645003,289481.7426323322,547733
110645004,290272.2560632945,547733
110645005,278665.8633123454,547733
110645006,296757.5457591961,547733
110645007,284664.2698739118,547733
110645008,276570.8292356846,547002
110645009,281500.1185365408,547733
110646001,295613.859093804,547733
110646002,303009.6928436945,547733
110646003,296420.52030600735,547733
110646004,296556.98480365454,547733
110646005,290796.76676264656,547733
110646006,292611.6738313332,547733
110646007,281346.60451611615,547733
110646008,281886.64883637213,547733
110646009,275674.41116863146,547733
110646010,277591.7573918188,547733
110646011,277398.536106483,547733
110646012,282131.18137904594,547733
110647001,255751.29459416674,547002
110647002,254916.4979672516,547002
110647003,252581.8362930563,547002
110647004,257244.45066610712,547002
110648001,260046.5458903096,547002
110648002,250176.74726675107,547002
110648003,268601.1591386165,547002
110648004,259546.49857539852,547002
110648005,268905.70328930876,547002
110648006,275439.70706601674,547002
110649001,262187.1421530743,547002
110649002,262667.16895212105,546771
110649003,254627.8207670394,546040
110649004,264969.3708814288,547733
110649005,265997.8243507308,547733
110649006,266099.3441911701,547002
110649007,273000.0932157569,547677
110650001,312219.64813361404,547733
110650002,318031.46197952423,547733
110650003,292983.55304527597,547733
110650004,309923.16379052226,547733
110650005,306244.7260198478,547677
110650006,304114.7738910895,547733
110650007,307680.58247525623,547733
110650008,305546.7095772916,547733
110650009,311383.00966991327,547733
110650010,295647.6422923745,547733
110650011,307268.9094793902,547733
110650012,289659.240153531,547733
110650013,303694.55658254214,547733
110650014,306328.68999203556,547733
110650015,305585.9830600342,547733
110650016,304432.7545350057,547733
110651001,263469.4893535833,546461
110651002,265948.5346593539,546461
110651003,270181.7673768857,546461
110651004,265244.51356970205,546461
110651005,261361.49470748066,546461
110651006,262873.4050541756,546461
110651007,269603.4323550534,547002
110651008,252262.33238983696,544692
110651009,258125.04503781872,546461
110652001,269412.74592493067,547002
110652002,259376.88807138003,547002
110652003,272859.90968672174,547002
110653001,263617.6718890733,546461
110653002,272862.14558251906,547002
110653003,251979.81729191483,546461
110653004,269236.2036949272,547002
110653005,263223.50153803115,547002
110653006,262060.68518272805,547002
110653007,241824.03499591025,545891
